class,l_a,l_wm_a,l_wm_av,l_m_a,l_m_av,r_a,r_wm_a,r_wm_av,r_m_a,r_m_av
HAPPY,-1.3382516801357274,-1.3382516801357274,-1.3382516801357274,0.1430673505645245,0.13770519573259174,-1.5568314194679267,-1.5568314194679267,-1.5568314194679267,-0.40125133240362637,-0.4029600287805437
HAPPY,-1.3556833863258366,-1.346967533230782,-1.3469670553799167,0.1430673505645245,0.13770519573259174,-1.544425696134568,-1.5506285578012473,-1.5506277618809474,-0.40125133240362637,-0.4029600287805437
HAPPY,-1.3884691596031193,-1.3608014086882279,-1.3607936145935287,0.1430673505645245,0.13770519573259174,-1.5574202537536628,-1.5528924564520523,-1.5528880182482567,-0.40125133240362637,-0.4029600287805437
HAPPY,-1.3862103819847111,-1.3671536520123486,-1.3671420953267919,0.1430673505645245,0.13770519573259174,-1.557829141616822,-1.5541266277432448,-1.5541198347648577,-0.40125133240362637,-0.4029600287805437
HAPPY,-1.4009597897529606,-1.373914879560471,-1.3738888525548727,0.1430673505645245,0.13770519573259174,-1.55592429637909,-1.554486161470414,-1.5544788819660837,-0.40125133240362637,-0.4029600287805437
HAPPY,-1.4024067819118504,-1.3867458999156956,-1.3867130029948367,0.1430673505645245,0.13770519573259174,-1.5295157134532935,-1.5490230202674873,-1.5490492001810814,-0.40125133240362637,-0.4029600287805437
HAPPY,-1.3316926360130314,-1.3819477498531345,-1.3819692567424426,0.1430673505645245,0.13770519573259174,-1.5943228602409372,-1.5590024530887612,-1.5590030708485643,-0.40125133240362637,-0.4029600287805437
HAPPY,-1.156521618366242,-1.335558241605759,-1.3355928817306677,0.1430673505645245,0.13770519573259174,-1.4244029819965367,-1.5323989987373359,-1.5323799785539245,-0.40125133240362637,-0.4029600287805437
HAPPY,-1.0093088150024419,-1.260177928209305,-1.2600763064864593,0.1430673505645245,0.13770519573259174,-1.4068266749382026,-1.5021985054016118,-1.5020533209489366,-0.40125133240362637,-0.4029600287805437
HAPPY,-0.676573991775513,-1.1153007686138157,-1.1148522521704187,0.1430673505645245,0.13770519573259174,-0.9994464814662939,-1.3909029424190529,-1.390178384357022,-0.40125133240362637,-0.4029600287805437
HAPPY,0.08263441920280445,-0.8182925283908847,-0.8173913258132091,0.1430673505645245,0.13770519573259174,-0.5072468966245651,-1.1864491790533072,-1.184918563731888,-0.40125133240362637,-0.4029600287805437
HAPPY,0.2987478822469712,-0.49220442473888426,-0.4911752101295288,0.1430673505645245,0.13770519573259174,-0.3607398569583893,-0.9397325783967976,-0.9381576744673443,-0.40125133240362637,-0.4029600287805437
HAPPY,0.41728712618351,-0.17744267582893386,-0.1765427484974175,0.1430673505645245,0.13770519573259174,-0.2692114412784576,-0.7086942702531818,-0.7073607928297486,-0.40125133240362637,-0.4029600287805437
HAPPY,0.5288251712918282,0.13018412142992014,0.13074966526400522,0.1430673505645245,0.13770519573259174,-0.5957980379462241,-0.546488542854786,-0.5460525234797745,-0.40125133240362637,-0.4029600287805437
HAPPY,0.513305276632309,0.3681599751114845,0.3683461616704079,0.1430673505645245,0.13770519573259174,-0.6094951182603836,-0.46849827021360396,-0.4686537567084641,-0.40125133240362637,-0.4029600287805437
HAPPY,0.529376033693552,0.457508298009634,0.4575830962743675,0.1430673505645245,0.13770519573259174,-0.7037285044789314,-0.5077945917844773,-0.5081344723785768,-0.40125133240362637,-0.4029600287805437
HAPPY,0.5952207706868649,0.5168028756976127,0.5168288549998986,0.1430673505645245,0.13770519573259174,-0.5758200287818909,-0.5508106261491775,-0.5510411033857247,-0.40125133240362637,-0.4029600287805437
HAPPY,0.6366210449486972,0.5606696594506502,0.5606438367453866,0.1430673505645245,0.13770519573259174,-0.2958147241733967,-0.5561312827281654,-0.556080926719612,-0.40125133240362637,-0.4029600287805437
HAPPY,0.6576176024973394,0.5864281456917524,0.5863336902041001,0.1430673505645245,0.13770519573259174,0.14872337877750413,-0.4072269993834198,-0.4072505752235446,-0.40125133240362637,-0.4029600287805437
HAPPY,0.687523901462555,0.6212718706578017,0.6210832591303258,0.1430673505645245,0.13770519573259174,0.2577955573797228,-0.23376886425539842,-0.23405892872488404,-0.40125133240362637,-0.4029600287805437
HAPPY,0.6732055842876435,0.6500377807766199,0.6498816126245833,0.1430673505645245,0.13770519573259174,0.19252096116542838,-0.05451897112652646,-0.05497215966867331,-0.40125133240362637,-0.4029600287805437
HAPPY,0.6575238704681398,0.6624984007328749,0.66244153370634,0.1430673505645245,0.13770519573259174,0.041678026318550276,0.06898063989356178,0.06879790834943735,-0.40125133240362637,-0.4029600287805437
HAPPY,0.6059054732322694,0.6563552863895894,0.6564048892668016,0.1430673505645245,0.13770519573259174,0.0624107867479326,0.1406257420778277,0.14072922588649528,-0.40125133240362637,-0.4029600287805437
HAPPY,0.6163174360990525,0.648095253109932,0.6481617622125693,0.1430673505645245,0.13770519573259174,-0.002721980214118791,0.11033667027950304,0.1105349185567374,-0.40125133240362637,-0.4029600287805437
HAPPY,0.6394939571619035,0.6384892642498017,0.6385083096972044,0.1430673505645245,0.13770519573259174,0.001847445964813399,0.05914704799652117,0.05927802269825888,-0.40125133240362637,-0.4029600287805437
HAPPY,0.7075874209403993,0.6453656315803529,0.6453334918621362,0.1430673505645245,0.13770519573259174,0.14568212628364585,0.04977928102016467,0.04956122037343026,-0.40125133240362637,-0.4029600287805437
HAPPY,0.6826210170984269,0.6503850609064104,0.6503143555785057,0.1430673505645245,0.13770519573259174,0.1371859386563303,0.06888086348772067,0.06849622307315222,-0.40125133240362637,-0.4029600287805437
HAPPY,0.599755808711052,0.6491551280021668,0.6491443950308158,0.1430673505645245,0.13770519573259174,0.10356927663087867,0.07711256146430989,0.07669262344740499,-0.40125133240362637,-0.4029600287805437
HAPPY,0.6849308758974076,0.6628778159618378,0.6628733549271647,0.1430673505645245,0.13770519573259174,0.17000180482864402,0.11165731847286245,0.11136462897986801,-0.40125133240362637,-0.4029600287805437
HAPPY,0.678637057542801,0.6707064360380174,0.6707201744562616,0.1430673505645245,0.13770519573259174,0.13677769899368308,0.1386433690786364,0.1386473736948639,-0.40125133240362637,-0.4029600287805437
HAPPY,0.6862188428640367,0.6664327204227448,0.6664022360711434,0.1430673505645245,0.13770519573259174,0.17063137888908408,0.14363321959972403,0.14363597174917805,-0.40125133240362637,-0.4029600287805437
HAPPY,0.6626997143030168,0.6624484598636629,0.6624099172228649,0.1430673505645245,0.13770519573259174,0.11369840800762193,0.13893571346998237,0.1389260066073896,-0.40125133240362637,-0.4029600287805437
HAPPY,0.5938566029071809,0.6612686187028886,0.6612942112304377,0.1430673505645245,0.13770519573259174,0.03386518359184282,0.12499489486217522,0.12492271009065921,-0.40125133240362637,-0.4029600287805437
HAPPY,0.6520408987998964,0.6546906232833863,0.6547049781745419,0.1430673505645245,0.13770519573259174,0.09715056419372575,0.11042464673519152,0.1103691357362925,-0.40125133240362637,-0.4029600287805437
HAPPY,0.6762545108795167,0.6542141139507295,0.6541949260420912,0.1430673505645245,0.13770519573259174,0.15776632726192497,0.1146223723888399,0.11455127033968374,-0.40125133240362637,-0.4029600287805437
HAPPY,0.6582007706165315,0.6486104995012284,0.6485654729994478,0.1430673505645245,0.13770519573259174,0.09772630035877244,0.10004135668277758,0.09997930063576724,-0.40125133240362637,-0.4029600287805437
HAPPY,0.6869839727878572,0.6534673511981965,0.6533912344850862,0.1430673505645245,0.13770519573259174,0.10819737613201158,0.09894115030765552,0.09886889370173342,-0.40125133240362637,-0.4029600287805437
HAPPY,0.6986005008220674,0.6744161307811738,0.6743954447433468,0.1430673505645245,0.13770519573259174,0.13545517623424547,0.11925914883613604,0.11924509031023942,-0.40125133240362637,-0.4029600287805437
HAPPY,0.7264636456966402,0.6893006801605226,0.6892965281964025,0.1430673505645245,0.13770519573259174,0.22568158060312293,0.14496535211801548,0.14491878852983603,-0.40125133240362637,-0.4029600287805437
HAPPY,0.6343150734901429,0.6809127926826479,0.6809059889317892,0.1430673505645245,0.13770519573259174,0.05910351499915134,0.12523278966546075,0.12524697295765955,-0.40125133240362637,-0.4029600287805437
HAPPY,-1.2452286779880528,-1.2452286779880528,-1.2452286779880528,-0.363240467334116,-0.3609428502338041,-1.6877839267253885,-1.6877839267253885,-1.6877839267253885,-1.004460861856068,-1.0042727823750512
HAPPY,-1.2989125847816472,-1.27207063138485,-1.2720704621819559,-0.363240467334116,-0.3609428502338041,-1.682837426662446,-1.6853106766939172,-1.6853107942129995,-1.004460861856068,-1.0042727823750512
HAPPY,-1.3036821782588963,-1.2826078136761987,-1.2826058108410503,-0.363240467334116,-0.3609428502338041,-1.7041756212711343,-1.6915989915529897,-1.691596210251792,-1.004460861856068,-1.0042727823750512
HAPPY,-1.3275503814220433,-1.29384345561266,-1.2938379513191662,-0.363240467334116,-0.3609428502338041,-1.7112544178962716,-1.69651284813881,-1.6965070195470886,-1.004460861856068,-1.0042727823750512
HAPPY,-1.3771173059940343,-1.3104982256889346,-1.310482835968597,-0.363240467334116,-0.3609428502338041,-1.695969671010972,-1.6964042127132424,-1.6963996416614906,-1.004460861856068,-1.0042727823750512
HAPPY,-1.4191568493843083,-1.3452838599681858,-1.3452629117161679,-0.363240467334116,-0.3609428502338041,-1.702022075653077,-1.69925184249878,-1.6992480922024962,-1.004460861856068,-1.0042727823750512
HAPPY,-1.4084672331810002,-1.3671947896480563,-1.3671742068549484,-0.363240467334116,-0.3609428502338041,-1.6818765997886667,-1.699059677124024,-1.699067526902608,-1.004460861856068,-1.0042727823750512
HAPPY,-1.3940207362174992,-1.385262501239777,-1.385251347519211,-0.363240467334116,-0.3609428502338041,-1.6847890615463266,-1.6951823651790625,-1.6951927405942486,-1.004460861856068,-1.0042727823750512
HAPPY,-1.4105208516120915,-1.4018565952777866,-1.4018548067343959,-0.363240467334116,-0.3609428502338041,-1.7022095918655404,-1.6933733999729164,-1.693375923718786,-1.004460861856068,-1.0042727823750512
HAPPY,-1.3696211576461796,-1.4003573656082158,-1.4003615480567693,-0.363240467334116,-0.3609428502338041,-1.6863079667091379,-1.6914410591125495,-1.6914433545747467,-1.004460861856068,-1.0042727823750512
HAPPY,-1.3484542965888981,-1.3862168550491336,-1.3862196709997663,-0.363240467334116,-0.3609428502338041,-1.6506484746932992,-1.681166338920594,-1.6811641485537956,-1.004460861856068,-1.0042727823750512
HAPPY,-1.3186350464820866,-1.3682504177093509,-1.3682518014984781,-0.363240467334116,-0.3609428502338041,-1.639384627342225,-1.6726679444313057,-1.6726618834246718,-1.004460861856068,-1.0042727823750512
HAPPY,-1.2852629721164708,-1.3464988648891452,-1.346498989427637,-0.363240467334116,-0.3609428502338041,-1.5923243165016183,-1.654174995422364,-1.6541593195027835,-1.004460861856068,-1.0042727823750512
HAPPY,-1.0472522228956227,-1.2738451391458514,-1.2740799992346354,-0.363240467334116,-0.3609428502338041,-1.2176956534385686,-1.5572722077369696,-1.558148600235334,-1.004460861856068,-1.0042727823750512
HAPPY,-0.8646300137043003,-1.1728469103574757,-1.173443028640393,-0.363240467334116,-0.3609428502338041,-1.1585049033164982,-1.4517115950584418,-1.4537467601184633,-1.004460861856068,-1.0042727823750512
HAPPY,-0.7162107229232791,-1.0463981956243518,-1.0471124020090026,-0.363240467334116,-0.3609428502338041,-1.1783016920089726,-1.3572422385215763,-1.35934765409076,-1.004460861856068,-1.0042727823750512
HAPPY,-0.3779516816139224,-0.8582615226507191,-0.8587849877195001,-0.363240467334116,-0.3609428502338041,-0.9161666035652163,-1.2125986337661747,-1.2140882222872291,-1.004460861856068,-1.0042727823750512
HAPPY,0.1571399867534637,-0.5697809308767322,-0.569524593509494,-0.363240467334116,-0.3609428502338041,-0.5519076883792877,-1.0045153081417086,-1.0041612423984527,-1.004460861856068,-1.0042727823750512
HAPPY,0.31859669089317333,-0.29661114811897293,-0.2959774190289342,-0.363240467334116,-0.3609428502338041,0.0034232512116432745,-0.7602915272116663,-0.7586118109811333,-1.004460861856068,-1.0042727823750512
HAPPY,0.2860959172248841,-0.06646596193313609,-0.06595063631917875,-0.363240467334116,-0.3609428502338041,-0.21259397268295288,-0.5711093410849573,-0.5695907752485049,-1.004460861856068,-1.0042727823750512
HAPPY,-0.05696332454681419,0.06538351774215691,0.06555685372433707,-0.363240467334116,-0.3609428502338041,-0.7317959070205691,-0.48180818408727655,-0.4812471349934763,-1.004460861856068,-1.0042727823750512
HAPPY,-0.41430607438087486,0.05811263918876641,0.05804107717515364,-0.363240467334116,-0.3609428502338041,-0.73563688993454,-0.4457022413611413,-0.445715991149058,-1.004460861856068,-1.0042727823750512
HAPPY,-0.5350445508956913,-0.08032426834106457,-0.08042985008863417,-0.363240467334116,-0.3609428502338041,-1.0738522410392763,-0.5500911518931391,-0.5504323974289556,-1.004460861856068,-1.0042727823750512
HAPPY,0.24258163571357716,-0.0955272793769838,-0.09549610684806262,-0.363240467334116,-0.3609428502338041,-0.3431318551301957,-0.6194021731615068,-0.6193190691497243,-1.004460861856068,-1.0042727823750512
HAPPY,0.4200215935707093,-0.06874214410781879,-0.06854998259836169,-0.363240467334116,-0.3609428502338041,-0.4624571800231934,-0.669374814629555,-0.6690530150115572,-1.004460861856068,-1.0042727823750512
HAPPY,0.34161514043807983,0.010973548889160033,0.011261123358395835,-0.363240467334116,-0.3609428502338041,-0.5078105330467224,-0.6245777398347856,-0.6242073418435673,-1.004460861856068,-1.0042727823750512
HAPPY,0.21474510431289662,0.13678378462791435,0.1369795315805137,-0.363240467334116,-0.3609428502338041,-0.5381743013858795,-0.5850852221250534,-0.5847741530234216,-1.004460861856068,-1.0042727823750512
HAPPY,-0.03540065884590171,0.23671256303787228,0.23664131016786233,-0.363240467334116,-0.3609428502338041,-0.7791895568370821,-0.5261526852846146,-0.5264163201740595,-1.004460861856068,-1.0042727823750512
HAPPY,-0.028180450201034768,0.18256014585494984,0.1824467700346919,-0.363240467334116,-0.3609428502338041,-0.8970769643783572,-0.6369417071342468,-0.6372238877398523,-1.004460861856068,-1.0042727823750512
HAPPY,0.23110754787921894,0.14477733671665177,0.14473503400936474,-0.363240467334116,-0.3609428502338041,-0.377402663230896,-0.6199308037757875,-0.6199690620572259,-1.004460861856068,-1.0042727823750512
HAPPY,0.45149359107017506,0.16675302684307083,0.16679006812799635,-0.363240467334116,-0.3609428502338041,-0.4972363561391831,-0.6178159683942795,-0.6177311150540026,-1.004460861856068,-1.0042727823750512
HAPPY,0.47716224193573,0.2192364543676375,0.21930885239462927,-0.363240467334116,-0.3609428502338041,-0.4891024231910705,-0.6080015927553177,-0.6078247242121617,-1.004460861856068,-1.0042727823750512
HAPPY,0.49127631634473806,0.32457184940576544,0.32462834994013984,-0.363240467334116,-0.3609428502338041,-0.40650500357151026,-0.5334646821022033,-0.5333180358647954,-1.004460861856068,-1.0042727823750512
HAPPY,0.3663133680820464,0.40347061306238163,0.40348182921019543,-0.363240467334116,-0.3609428502338041,-0.8057632446289062,-0.5152019381523132,-0.5153102012983223,-1.004460861856068,-1.0042727823750512
HAPPY,0.20440340042114247,0.39812978357076645,0.3981018347300136,-0.363240467334116,-0.3609428502338041,-0.7851172983646394,-0.5967448651790619,-0.5968446727508502,-1.004460861856068,-1.0042727823750512
HAPPY,0.20724301040172566,0.34927966743707656,0.3492419696055655,-0.363240467334116,-0.3609428502338041,-0.8076147139072418,-0.6588205367326736,-0.6589208554054554,-1.004460861856068,-1.0042727823750512
HAPPY,0.283035323023796,0.3104542836546898,0.3104300964471594,-0.363240467334116,-0.3609428502338041,-0.17814859747886658,-0.5966297715902329,-0.5965861788838513,-1.004460861856068,-1.0042727823750512
HAPPY,0.3432790189981459,0.2808548241853713,0.2808564811877499,-0.363240467334116,-0.3609428502338041,-0.3893385231494904,-0.5931964755058289,-0.5930622532629681,-1.004460861856068,-1.0042727823750512
HAPPY,0.43458998203277577,0.2945101469755172,0.29453406889300254,-0.363240467334116,-0.3609428502338041,-0.9114340841770172,-0.6143306434154511,-0.6143077393515389,-1.004460861856068,-1.0042727823750512
HAPPY,0.3926514908671378,0.33215976506471623,0.3321798628498825,-0.363240467334116,-0.3609428502338041,-0.7733797132968903,-0.6119831264019012,-0.6120387939616186,-1.004460861856068,-1.0042727823750512
HAPPY,0.26934900879859913,0.34458096474409095,0.3445828545348008,-0.363240467334116,-0.3609428502338041,-0.5401105582714081,-0.5584822952747345,-0.5585816069912876,-1.004460861856068,-1.0042727823750512
HAPPY,0.10800258815288533,0.3095744177699088,0.3095562904275079,-0.363240467334116,-0.3609428502338041,-0.7264713943004608,-0.6681468546390533,-0.6681728816609916,-1.004460861856068,-1.0042727823750512
HAPPY,-0.03503164649009721,0.23391228467226016,0.2338817448566764,-0.363240467334116,-0.3609428502338041,-0.6465616822242739,-0.71959148645401,-0.7195512349960697,-1.004460861856068,-1.0042727823750512
HAPPY,-0.08372658491134655,0.1302489712834357,0.13022369272920067,-0.363240467334116,-0.3609428502338041,-0.8928368389606479,-0.7158720374107361,-0.7158887294179331,-1.004460861856068,-1.0042727823750512
HAPPY,0.1699317842721938,0.0857050299644469,0.08569812296479837,-0.363240467334116,-0.3609428502338041,-0.8519543409347536,-0.7315869629383089,-0.7316272095004762,-1.004460861856068,-1.0042727823750512
HAPPY,0.1785656139254569,0.06754835098981846,0.0675546101178274,-0.363240467334116,-0.3609428502338041,-0.6419119536876678,-0.7519472420215608,-0.7519490506130525,-1.004460861856068,-1.0042727823750512
HAPPY,0.1117088496685027,0.06828960329294192,0.06829870841444594,-0.363240467334116,-0.3609428502338041,-0.7980250865221024,-0.7662579804658891,-0.7662601909444794,-1.004460861856068,-1.0042727823750512
HAPPY,0.1852239817380904,0.11234072893857945,0.11234875810823292,-0.363240467334116,-0.3609428502338041,-0.7546470165252686,-0.787875047326088,-0.7878604515596421,-1.004460861856068,-1.0042727823750512
HAPPY,0.22626027464866627,0.17433810085058202,0.17433991947310476,-0.363240467334116,-0.3609428502338041,-0.6484042704105377,-0.738988533616066,-0.7389773818165317,-1.004460861856068,-1.0042727823750512
HAPPY,0.06793235242366774,0.1539382144808768,0.15393773007853565,-0.363240467334116,-0.3609428502338041,-0.7980863749980927,-0.7282149404287338,-0.7282201239714132,-1.004460861856068,-1.0042727823750512
HAPPY,-0.21922782063484225,0.07437952756881698,0.07437381194067669,-0.363240467334116,-0.3609428502338041,-0.9395974278450016,-0.7877520352602005,-0.7877560795172349,-1.004460861856068,-1.0042727823750512
HAPPY,-0.24827116727829002,0.0023835241794584296,0.0023807121264982543,-0.363240467334116,-0.3609428502338041,-0.9462792575359348,-0.8174028694629671,-0.8173892010703421,-1.004460861856068,-1.0042727823750512
HAPPY,0.06524638831615431,-0.02161199450492879,-0.021611595404710523,-0.363240467334116,-0.3609428502338041,-1.033743560314179,-0.8732221782207492,-0.8731953511053957,-1.004460861856068,-1.0042727823750512
HAPPY,0.12356001138687123,-0.0421520471572878,-0.04214897158732331,-0.363240467334116,-0.3609428502338041,-0.7254405915737152,-0.8886294424533847,-0.8886159628326789,-1.004460861856068,-1.0042727823750512
HAPPY,0.21328643709421147,-0.013081230223179053,-0.013074088370458514,-0.363240467334116,-0.3609428502338041,-0.720576673746109,-0.8731275022029878,-0.8731161245570381,-1.004460861856068,-1.0042727823750512
HAPPY,0.18391205370426167,0.06754674464464173,0.06755728480017276,-0.363240467334116,-0.3609428502338041,-0.7414616346359254,-0.8335003435611726,-0.8334738733276882,-1.004460861856068,-1.0042727823750512
HAPPY,0.10383367538452137,0.13796771317720402,0.13796887278488668,-0.363240467334116,-0.3609428502338041,-0.7434616684913637,-0.7929368257522584,-0.7929167377939893,-1.004460861856068,-1.0042727823750512
HAPPY,-0.09766882658004783,0.10538467019796358,0.10537897751123453,-0.363240467334116,-0.3609428502338041,-0.7139871418476107,-0.7289855420589447,-0.7289856941501633,-1.004460861856068,-1.0042727823750512
HAPPY,-0.30332389473915133,0.02000788897275907,0.019997639195731484,-0.363240467334116,-0.3609428502338041,-1.0285382270812993,-0.7896050691604615,-0.789617231734135,-1.004460861856068,-1.0042727823750512
HAPPY,-0.3818730711936953,-0.09902401268482228,-0.09902697946648582,-0.363240467334116,-0.3609428502338041,-1.147366732358933,-0.8749630808830264,-0.8749733396216072,-1.004460861856068,-1.0042727823750512
HAPPY,0.03419384360313393,-0.12896765470504784,-0.12896659211649864,-0.363240467334116,-0.3609428502338041,-1.1681578457355504,-0.9603023231029514,-0.960310230868812,-1.004460861856068,-1.0042727823750512
HAPPY,0.22758787870407093,-0.10421681404113792,-0.10421313296101646,-0.363240467334116,-0.3609428502338041,-0.7798293530941011,-0.9675758600234989,-0.967571825399128,-1.004460861856068,-1.0042727823750512
HAPPY,-0.5680429339408879,-0.19829163551330592,-0.19828610833040244,-0.363240467334116,-0.3609428502338041,-1.0459917485713963,-1.0339767813682559,-1.0339695633542403,-1.004460861856068,-1.0042727823750512
HAPPY,-0.7815687060356145,-0.2939405977725985,-0.2938992354161415,-0.363240467334116,-0.3609428502338041,-1.3184963464736943,-1.0919684052467349,-1.0918886829641823,-1.004460861856068,-1.0042727823750512
HAPPY,-0.8239228129386906,-0.38235054612159763,-0.3822751560944756,-0.363240467334116,-0.3609428502338041,-1.0560469478368764,-1.0737044483423237,-1.0736276318296774,-1.004460861856068,-1.0042727823750512
HAPPY,-0.9060388207435612,-0.5703970789909366,-0.5703219070667077,-0.363240467334116,-0.3609428502338041,-1.3523058295249943,-1.1105340451002124,-1.110388895356997,-1.004460861856068,-1.0042727823750512
HAPPY,-1.0527145266532902,-0.8264575600624088,-0.8264342505755683,-0.363240467334116,-0.3609428502338041,-1.4779796004295354,-1.2501640945672992,-1.2500898039117414,-1.004460861856068,-1.0042727823750512
HAPPY,-1.0826840400695805,-0.9293857812881473,-0.9291263911722331,-0.363240467334116,-0.3609428502338041,-1.4485581517219548,-1.330677375197411,-1.3306373872076955,-1.004460861856068,-1.0042727823750512
HAPPY,-1.2461313605308537,-1.0222983121871951,-1.021403811477451,-0.363240467334116,-0.3609428502338041,-1.6609114110469827,-1.3991603881120687,-1.398817132021294,-1.004460861856068,-1.0042727823750512
HAPPY,-1.2872148454189305,-1.1149567186832432,-1.1139540312706822,-0.363240467334116,-0.3609428502338041,-1.4870104938745505,-1.4853530973196036,-1.4851451191639802,-1.004460861856068,-1.0042727823750512
HAPPY,-1.1033964157104497,-1.1544282376766208,-1.1540339530902268,-0.363240467334116,-0.3609428502338041,-1.5138310492038733,-1.5176581412553793,-1.5175602170364704,-1.004460861856068,-1.0042727823750512
HAPPY,-1.0895095914602284,-1.1617872506380085,-1.162072289918446,-0.363240467334116,-0.3609428502338041,-1.5316343307495124,-1.5283890873193748,-1.5283420215662378,-1.004460861856068,-1.0042727823750512
HAPPY,-1.0855180919170384,-1.1623540610075,-1.1632586338110733,-0.363240467334116,-0.3609428502338041,-1.4593475461006171,-1.5305469661951074,-1.5307996734652858,-1.004460861856068,-1.0042727823750512
HAPPY,-1.033305555582047,-1.1197889000177388,-1.1209219673501785,-0.363240467334116,-0.3609428502338041,-1.4470416009426124,-1.4877730041742332,-1.487852419358566,-1.004460861856068,-1.0042727823750512
ANGRY,-1.3219212293624882,-1.3219212293624882,-1.3219212293624882,-1.1675626801432306,-1.1672992575970151,-1.5430752635002143,-1.5430752635002143,-1.5430752635002143,-1.5441135246798683,-1.5441220286716917
ANGRY,-1.3547995090484624,-1.3383603692054753,-1.3383715319030614,-1.1675626801432306,-1.1672992575970151,-1.5830992460250861,-1.5630872547626502,-1.5631095961187302,-1.5441135246798683,-1.5441220286716917
ANGRY,-1.363277137279511,-1.3466659585634873,-1.3466811865528239,-1.1675626801432306,-1.1672992575970151,-1.5868232548236854,-1.5709992547829952,-1.5710288171798161,-1.5441135246798683,-1.5441220286716917
ANGRY,-1.3586610853672032,-1.3496647402644162,-1.3496811980800814,-1.1675626801432306,-1.1672992575970151,-1.6085193455219275,-1.5803792774677283,-1.5804321443291656,-1.5441135246798683,-1.5441220286716917
ANGRY,-1.3187528252601628,-1.3434823572635655,-1.3434824023880751,-1.1675626801432306,-1.1672992575970151,-1.595467776060105,-1.5833969771862038,-1.5834513198685918,-1.5441135246798683,-1.5441220286716917
ANGRY,-1.2806175351142888,-1.3352216184139256,-1.3351920724980266,-1.1675626801432306,-1.1672992575970151,-1.5977344810962686,-1.5943288207054145,-1.5943443445702763,-1.5441135246798683,-1.5441220286716917
ANGRY,-1.2085562646389012,-1.3059729695320133,-1.3059139004534523,-1.1675626801432306,-1.1672992575970151,-1.4477510154247288,-1.567259174585343,-1.5671460710875447,-1.5441135246798683,-1.5441220286716917
ANGRY,-0.9964998066425327,-1.2326175034046176,-1.232627364436143,-1.1675626801432306,-1.1672992575970151,-1.2200706899166112,-1.4939086616039279,-1.4939418854860325,-1.5441135246798683,-1.5441220286716917
ANGRY,-1.0462552905082707,-1.1701363444328312,-1.1701671568413639,-1.1675626801432306,-1.1672992575970151,-1.326017260551453,-1.437408244609833,-1.4374834582581095,-1.5441135246798683,-1.5441220286716917
ANGRY,-0.8558750152587895,-1.0775607824325566,-1.077520099641497,-1.1675626801432306,-1.1672992575970151,-1.115082353353501,-1.3413311600685125,-1.341295605250251,-1.5441135246798683,-1.5441220286716917
ANGRY,-0.9640131592750554,-1.01423990726471,-1.0142001109966439,-1.1675626801432306,-1.1672992575970151,-1.381677091121674,-1.2981196820735934,-1.2982058145801576,-1.5441135246798683,-1.5441220286716917
ANGRY,-1.0810333490371709,-0.9887353241443637,-0.9886881373577032,-1.1675626801432306,-1.1672992575970151,-1.5016578733921055,-1.3089010536670689,-1.3090922175682966,-1.5441135246798683,-1.5441220286716917
ANGRY,-1.277141004800797,-1.0448635637760166,-1.044717758177459,-1.1675626801432306,-1.1672992575970151,-1.6637870371341714,-1.397644323110581,-1.39766651352279,-1.5441135246798683,-1.5441220286716917
ANGRY,-1.3125363588333134,-1.0981197774410252,-1.097926120466134,-1.1675626801432306,-1.1672992575970151,-1.6807135939598092,-1.4685835897922521,-1.4685533735869307,-1.5441135246798683,-1.5441220286716917
ANGRY,-1.2952271103858952,-1.1859901964664463,-1.1858300775425277,-1.1675626801432306,-1.1672992575970151,-1.6712284684181222,-1.5798128128051765,-1.5797380984245362,-1.5441135246798683,-1.5441220286716917
ANGRY,-1.290420144796372,-1.2512715935707095,-1.2512407604598987,-1.1675626801432306,-1.1672992575970151,-1.6273775994777688,-1.6289529144763955,-1.6289251981599908,-1.5441135246798683,-1.5441220286716917
ANGRY,-1.2624876797199254,-1.2875624597072606,-1.287559656860222,-1.1675626801432306,-1.1672992575970151,-1.621284008026124,-1.652878141403199,-1.6528477512154736,-1.5441135246798683,-1.5441220286716917
ANGRY,-1.239882737398148,-1.2801108062267308,-1.280092938569824,-1.1675626801432306,-1.1672992575970151,-1.5942027270793921,-1.6389612793922432,-1.6389116021635028,-1.5441135246798683,-1.5441220286716917
ANGRY,-1.2327893078327183,-1.2641613960266116,-1.2641344898399858,-1.1675626801432306,-1.1672992575970151,-1.5860101282596595,-1.6200205862522132,-1.6199732286503137,-1.5441135246798683,-1.5441220286716917
ANGRY,-1.2209024429321294,-1.2492964625358585,-1.249266075304141,-1.1675626801432306,-1.1672992575970151,-1.5699156820774085,-1.5997580289840707,-1.5997214754528897,-1.5441135246798683,-1.5441220286716917
ANGRY,-1.169689923524857,-1.2251504182815556,-1.2251141737739253,-1.1675626801432306,-1.1672992575970151,-1.5095986723899848,-1.576202243566514,-1.5761449370713199,-1.5441135246798683,-1.5441220286716917
ANGRY,-1.1060950160026555,-1.1938718855381016,-1.1938131678531787,-1.1675626801432306,-1.1672992575970151,-1.5215908885002143,-1.556263619661332,-1.5562139441277123,-1.5441135246798683,-1.5441220286716917
ANGRY,-0.9963117539882663,-1.1451576888561252,-1.1450486416545154,-1.1675626801432306,-1.1672992575970151,-1.471838772296906,-1.5317908287048347,-1.5317243033552943,-1.5441135246798683,-1.5441220286716917
ANGRY,-1.0109594166278844,-1.1007917106151583,-1.1006835270725626,-1.1675626801432306,-1.1672992575970151,-1.3983100056648259,-1.4942508041858678,-1.4941593967942068,-1.5441135246798683,-1.5441220286716917
ANGRY,-1.0311557650566106,-1.0628423750400546,-1.062775563297305,-1.1675626801432306,-1.1672992575970151,-1.436545163393021,-1.4675767004489901,-1.4675098464191685,-1.5441135246798683,-1.5441220286716917
ANGRY,-0.9382187128067021,-1.0165481328964237,-1.0165121167889324,-1.1675626801432306,-1.1672992575970151,-1.5693330764770512,-1.4795235812664036,-1.4795387518065635,-1.5441135246798683,-1.5441220286716917
ANGRY,-1.0152041316032414,-0.9983699560165409,-0.9983717047867716,-1.1675626801432306,-1.1672992575970151,-1.4598261713981635,-1.4671706378459937,-1.467208725873647,-1.5441135246798683,-1.5441220286716917
ANGRY,-1.0062348246574406,-1.0003545701503758,-1.0003563658634245,-1.1675626801432306,-1.1672992575970151,-1.4634199440479283,-1.4654868721961982,-1.465526433946926,-1.5441135246798683,-1.5441220286716917
ANGRY,-1.0712640285491948,-1.0124154925346378,-1.0122380732045835,-1.1675626801432306,-1.1672992575970151,-1.5872413516044621,-1.5032731413841252,-1.503221648801216,-1.5441135246798683,-1.5441220286716917
ANGRY,-1.1994797289371495,-1.0460802853107456,-1.0455127020759267,-1.1675626801432306,-1.1672992575970151,-1.6693238019943246,-1.549828869104386,-1.5496254917726406,-1.5441135246798683,-1.5441220286716917
ANGRY,-1.2780502438545231,-1.1140465915203097,-1.1133877241642192,-1.1675626801432306,-1.1672992575970151,-1.652604520320893,-1.5664831578731544,-1.5661836142675523,-1.5441135246798683,-1.5441220286716917
ANGRY,-1.2534052729606633,-1.1616868197917942,-1.1611903511276256,-1.1675626801432306,-1.1672992575970151,-1.5923022925853736,-1.5929783821105965,-1.5927685450489275,-1.5441135246798683,-1.5441220286716917
ANGRY,-1.2391570210456853,-1.208271259069443,-1.2082758939668958,-1.1675626801432306,-1.1672992575970151,-1.6018720567226417,-1.620668804645539,-1.6206794358498902,-1.5441135246798683,-1.5441220286716917
ANGRY,-1.2222900986671452,-1.238476473093033,-1.23847640714319,-1.1675626801432306,-1.1672992575970151,-1.603371977806092,-1.623894929885865,-1.6239530037859997,-1.5441135246798683,-1.5441220286716917
ANGRY,-1.1841236054897313,-1.2354052484035496,-1.235372527040062,-1.1675626801432306,-1.1672992575970151,-1.5786044299602515,-1.6057510554790504,-1.6057898992160078,-1.5441135246798683,-1.5441220286716917
ANGRY,-1.1165377050638203,-1.203102740645409,-1.2030373942052441,-1.1675626801432306,-1.1672992575970151,-1.517242997884751,-1.578678750991822,-1.5787108767071358,-1.5441135246798683,-1.5441220286716917
ANGRY,-1.083821758627892,-1.1691860377788548,-1.169098805786687,-1.1675626801432306,-1.1672992575970151,-1.4944351613521583,-1.559105324745179,-1.5591399736475657,-1.5441135246798683,-1.5441220286716917
ANGRY,-1.0717023462057118,-1.13569510281086,-1.1356097804425813,-1.1675626801432306,-1.1672992575970151,-1.4892732501029975,-1.5365855634212502,-1.5365965571806945,-1.5441135246798683,-1.5441220286716917
ANGRY,-1.1059626638889317,-1.1124296158552174,-1.112386151865163,-1.1675626801432306,-1.1672992575970151,-1.5640632808208472,-1.5287238240242011,-1.5287413236754779,-1.5441135246798683,-1.5441220286716917
ANGRY,-1.1222340464591984,-1.1000517040491107,-1.1000631903716735,-1.1675626801432306,-1.1672992575970151,-1.5918895304203038,-1.5313808441162116,-1.531449519339456,-1.5441135246798683,-1.5441220286716917
ANGRY,-0.9904060661792758,-1.074825376272202,-1.0747864049043743,-1.1675626801432306,-1.1672992575970151,-1.5343399047851567,-1.5348002254962925,-1.5348604062229296,-1.5441135246798683,-1.5441220286716917
ANGRY,-1.0830340981483464,-1.0746678441762927,-1.0746337524870138,-1.1675626801432306,-1.1672992575970151,-1.4715474545955662,-1.5302226841449742,-1.5302451919007565,-1.5441135246798683,-1.5441220286716917
ANGRY,-1.1095074415206914,-1.0822288632392887,-1.0821949480512978,-1.1675626801432306,-1.1672992575970151,-1.4614692032337193,-1.5246618747711185,-1.5246317543143773,-1.5441135246798683,-1.5441220286716917
ANGRY,-1.24185061454773,-1.1094064533710484,-1.109386227701638,-1.1675626801432306,-1.1672992575970151,-1.5880684256553657,-1.5294629037380223,-1.529482603858067,-1.5441135246798683,-1.5441220286716917
ANGRY,-1.1405074000358586,-1.1130611240863804,-1.1130496493762259,-1.1675626801432306,-1.1672992575970151,-1.6045492887496955,-1.531994855403901,-1.53208108056473,-1.5441135246798683,-1.5441220286716917
ANGRY,-1.254798531532288,-1.1659396171569827,-1.1659684896553655,-1.1675626801432306,-1.1672992575970151,-1.5825414061546332,-1.541635155677796,-1.5417500872802161,-1.5441135246798683,-1.5441220286716917
ANGRY,-1.2489826083183293,-1.1991293191909793,-1.199054914239624,-1.1675626801432306,-1.1672992575970151,-1.5888801217079171,-1.5651016891002663,-1.5651193321258934,-1.5441135246798683,-1.5441220286716917
ANGRY,-1.2420062422752385,-1.2256290793418887,-1.2255546086039588,-1.1675626801432306,-1.1672992575970151,-1.628323286771775,-1.5984725058078773,-1.5984305281662485,-1.5441135246798683,-1.5441220286716917
ANGRY,-1.2896272838115697,-1.2351844131946568,-1.235064503625427,-1.1675626801432306,-1.1672992575970151,-1.6880583763122565,-1.6184704959392555,-1.6183533950124416,-1.5441135246798683,-1.5441220286716917
ANGRY,-1.239297062158585,-1.254942345619202,-1.2549409690120052,-1.1675626801432306,-1.1672992575970151,-1.5985624492168433,-1.617273128032685,-1.6171875993128844,-1.5441135246798683,-1.5441220286716917
ANGRY,-1.1975180804729466,-1.2434862554073338,-1.243475134462717,-1.1675626801432306,-1.1672992575970151,-1.5933093130588538,-1.619426709413529,-1.6194170258435792,-1.5441135246798683,-1.5441220286716917
ANGRY,-1.171272218227387,-1.2279441773891453,-1.2279176801632936,-1.1675626801432306,-1.1672992575970151,-1.5951685011386878,-1.6206843852996833,-1.6206759869709604,-1.5441135246798683,-1.5441220286716917
ANGRY,-1.1684673428535466,-1.2132363975048068,-1.2131980535201752,-1.1675626801432306,-1.1672992575970151,-1.6090168356895453,-1.6168230950832374,-1.6168131192817152,-1.5441135246798683,-1.5441220286716917
ANGRY,-1.392854362726212,-1.392854362726212,-1.392854362726212,-1.1453671705155146,-1.1457731089523844,-1.6466649770736703,-1.6466649770736703,-1.6466649770736703,-0.9010060444474223,-0.8913913836329923
ANGRY,-1.3271313607692723,-1.3599928617477421,-1.35999154919003,-1.1453671705155146,-1.1457731089523844,-1.654691606760026,-1.6506782919168481,-1.6506822210482108,-0.9010060444474223,-0.8913913836329923
ANGRY,-1.315328568220139,-1.3451047639052078,-1.345102958108769,-1.1453671705155146,-1.1457731089523844,-1.6578595042228708,-1.653072029352189,-1.6530788283897813,-0.9010060444474223,-0.8913913836329923
ANGRY,-1.3431710302829747,-1.3446213304996495,-1.3446198864232914,-1.1453671705155146,-1.1457731089523844,-1.6936891078948983,-1.6632262989878663,-1.663257099842028,-0.9010060444474223,-0.8913913836329923
ANGRY,-1.3466584086418156,-1.3450287461280825,-1.345027622203601,-1.1453671705155146,-1.1457731089523844,-1.6741445660591134,-1.6654099524021155,-1.6654406071499148,-0.9010060444474223,-0.8913913836329923
ANGRY,-1.3665925860404973,-1.3397763907909397,-1.339774935006387,-1.1453671705155146,-1.1457731089523844,-1.6454285383224496,-1.6651626646518713,-1.6651637631960703,-0.9010060444474223,-0.8913913836329923
ANGRY,-1.3748857676982884,-1.3493272721767429,-1.3493219384706714,-1.1453671705155146,-1.1457731089523844,-1.64364978671074,-1.6629543006420142,-1.662939550206784,-0.9010060444474223,-0.8913913836329923
ANGRY,-1.3581407666206364,-1.3578897118568425,-1.3578857148491768,-1.1453671705155146,-1.1457731089523844,-1.620312988758088,-1.6554449975490577,-1.6554211629101516,-0.9010060444474223,-0.8913913836329923
ANGRY,-1.3474349379539494,-1.3587424933910373,-1.3587418291388051,-1.1453671705155146,-1.1457731089523844,-1.61160370707512,-1.6390279173851021,-1.6390140035260108,-0.9010060444474223,-0.8913913836329923
ANGRY,-1.342366605997086,-1.3578841328620914,-1.3578887952207273,-1.1453671705155146,-1.1457731089523844,-1.588932693004609,-1.6219855427742011,-1.6220018723637635,-0.9010060444474223,-0.8913913836329923
ANGRY,-1.3338572978973393,-1.35133707523346,-1.3513417275063127,-1.1453671705155146,-1.1457731089523844,-1.5298036336898813,-1.5988605618476877,-1.5989410150427703,-0.9010060444474223,-0.8913913836329923
ANGRY,-1.3217000961303715,-1.3406999409198765,-1.340699679887614,-1.1453671705155146,-1.1457731089523844,-1.4891777038574225,-1.5679661452770242,-1.5681237416001068,-0.9010060444474223,-0.8913913836329923
ANGRY,-1.3147941231727605,-1.3320306122303012,-1.3320279733269924,-1.1453671705155146,-1.1457731089523844,-1.4781983494758613,-1.539543217420579,-1.5397706961550879,-0.9010060444474223,-0.8913913836329923
ANGRY,-1.315086424350739,-1.3255609095096592,-1.3255543045245106,-1.1453671705155146,-1.1457731089523844,-1.5083848536014564,-1.5188994467258463,-1.5190220738110831,-0.9010060444474223,-0.8913913836329923
ANGRY,-1.316985279321671,-1.3204846441745761,-1.3204800222910573,-1.1453671705155146,-1.1457731089523844,-1.5009026229381568,-1.5012934327125558,-1.5013261813857675,-0.9010060444474223,-0.8913913836329923
ANGRY,-1.320962488651276,-1.3179056823253634,-1.3179061825975829,-1.1453671705155146,-1.1457731089523844,-1.5055773854255683,-1.4964481830596932,-1.496457281085317,-0.9010060444474223,-0.8913913836329923
ANGRY,-1.3395571112632756,-1.3214770853519444,-1.3214864105614257,-1.1453671705155146,-1.1457731089523844,-1.5287246108055124,-1.504357564449311,-1.5043966476739814,-0.9010060444474223,-0.8913913836329923
ANGRY,-1.3493003547191624,-1.3283783316612248,-1.328393101730582,-1.1453671705155146,-1.1457731089523844,-1.5400158762931833,-1.5167210698127753,-1.5167656436452064,-0.9010060444474223,-0.8913913836329923
ANGRY,-1.3504428267478947,-1.3354496121406558,-1.3354646347620358,-1.1453671705155146,-1.1457731089523844,-1.5421506464481363,-1.5234742283821112,-1.5235373590621193,-0.9010060444474223,-0.8913913836329923
ANGRY,-1.3527861237525944,-1.3426097810268405,-1.342620892389449,-1.1453671705155146,-1.1457731089523844,-1.5690672695636758,-1.5371071577072153,-1.5371868691502835,-0.9010060444474223,-0.8913913836329923
ANGRY,-1.353595077991486,-1.3491362988948825,-1.349140330128716,-1.1453671705155146,-1.1457731089523844,-1.5865481793880472,-1.553301316499711,-1.5533705018619905,-0.9010060444474223,-0.8913913836329923
ANGRY,-1.3649903237819676,-1.3542229413986209,-1.3542264323179956,-1.1453671705155146,-1.1457731089523844,-1.609353870153428,-1.5694271683692942,-1.569505509833223,-0.9010060444474223,-0.8913913836329923
ANGRY,-1.370875328779221,-1.3585379362106327,-1.3585423316908658,-1.1453671705155146,-1.1457731089523844,-1.6023422181606302,-1.5818924367427836,-1.5819510693546355,-0.9010060444474223,-0.8913913836329923
ANGRY,-1.3703045845031743,-1.3625102877616886,-1.3625138309340423,-1.1453671705155146,-1.1457731089523844,-1.5909171104431161,-1.5916457295417794,-1.5916662838622244,-0.9010060444474223,-0.8913913836329923
ANGRY,-1.362993180751801,-1.3645516991615299,-1.3645532319260865,-1.1453671705155146,-1.1457731089523844,-1.5848902165889749,-1.5948103189468392,-1.5948097204330782,-0.9010060444474223,-0.8913913836329923
ANGRY,-1.3556706905364995,-1.3649668216705326,-1.3649673332717764,-1.1453671705155146,-1.1457731089523844,-1.5279178619384775,-1.5830842554569253,-1.5831118428651068,-0.9010060444474223,-0.8913913836329923
ANGRY,-1.3492377996444707,-1.3618163168430333,-1.3618179593184045,-1.1453671705155146,-1.1457731089523844,-1.4817188382148752,-1.5575572490692147,-1.5576579861466995,-0.9010060444474223,-0.8913913836329923
ANGRY,-1.3254924118518834,-1.3527397334575657,-1.3527414540788325,-1.1453671705155146,-1.1457731089523844,-1.5273386240005502,-1.5425565302371989,-1.5426486093912024,-0.9010060444474223,-0.8913913836329923
ANGRY,-1.3164956271648411,-1.341977941989899,-1.3419772333851105,-1.1453671705155146,-1.1457731089523844,-1.5308014452457437,-1.5305333971977242,-1.5305958067856418,-0.9010060444474223,-0.8913913836329923
ANGRY,-1.3280813395977025,-1.3349955737590793,-1.3349923215775077,-1.1453671705155146,-1.1457731089523844,-1.5582484304904947,-1.5252050399780281,-1.5252405248443943,-0.9010060444474223,-0.8913913836329923
ANGRY,-1.3173126876354222,-1.327323973178864,-1.3273203234640272,-1.1453671705155146,-1.1457731089523844,-1.5555286407470712,-1.530727195739747,-1.530781460948449,-0.9010060444474223,-0.8913913836329923
ANGRY,-1.3225765228271489,-1.3219917178153995,-1.3219913377113794,-1.1453671705155146,-1.1457731089523844,-1.4888932406902318,-1.5321620762348183,-1.5321420255122895,-0.9010060444474223,-0.8913913836329923
ANGRY,-1.2950277924537663,-1.315898793935776,-1.3158952443470842,-1.1453671705155146,-1.1457731089523844,-1.3434591889381413,-1.4953861892223366,-1.495261727531237,-0.9010060444474223,-0.8913913836329923
ANGRY,-1.267174899578095,-1.3060346484184269,-1.30602392313313,-1.1453671705155146,-1.1457731089523844,-1.3189565837383275,-1.453017216920853,-1.452811568894903,-0.9010060444474223,-0.8913913836329923
ANGRY,-1.2353108823299412,-1.2874805569648746,-1.2874649659168849,-1.1453671705155146,-1.1457731089523844,-0.41508954763412526,-1.2243854403495793,-1.2236112804212602,-0.9010060444474223,-0.8913913836329923
ANGRY,-1.163449764251709,-1.256707972288132,-1.2566824467555813,-1.1453671705155146,-1.1457731089523844,-0.04305506497621564,-0.9218907251954084,-0.9206495370157126,-0.9010060444474223,-0.8913913836329923
ANGRY,-1.0769341886043549,-1.2075795054435734,-1.2075451585042578,-1.1453671705155146,-1.1457731089523844,-0.03713361173868207,-0.6315387994050984,-0.6302104951437372,-0.9010060444474223,-0.8913913836329923
ANGRY,-0.9886840879917146,-1.146310764551163,-1.146269254331552,-1.1453671705155146,-1.1457731089523844,0.21029854938387849,-0.32078725174069433,-0.3196893300268097,-0.9010060444474223,-0.8913913836329923
ANGRY,-1.0354429334402084,-1.0999643713235856,-1.0999331442932905,-1.1453671705155146,-1.1457731089523844,0.3833817616105078,0.019680417329072664,0.02022296758912585,-0.9010060444474223,-0.8913913836329923
ANGRY,-1.0253652930259705,-1.0579752534627915,-1.0579596445522566,-1.1453671705155146,-1.1457731089523844,0.4119638204574583,0.18509109094738938,0.18544035870869374,-0.9010060444474223,-0.8913913836329923
ANGRY,-0.9808340817689897,-1.0214521169662476,-1.021445787058275,-1.1453671705155146,-1.1457731089523844,0.4468024894595144,0.28306260183453535,0.28334161396455676,-0.9010060444474223,-0.8913913836329923
ANGRY,-1.0120677947998047,-1.0084788382053376,-1.008478724614792,-1.1453671705155146,-1.1457731089523844,0.36243209242820723,0.3629757426679132,0.3630569923601647,-0.9010060444474223,-0.8913913836329923
ANGRY,-1.0066998302936554,-1.0120819866657258,-1.0120798645723026,-1.1453671705155146,-1.1457731089523844,0.3663657009601591,0.39418917298316936,0.39417615439919873,-0.9010060444474223,-0.8913913836329923
ANGRY,-1.010866403579712,-1.0071666806936264,-1.0071662565002832,-1.1453671705155146,-1.1457731089523844,0.40295934677124,0.3981046900153158,0.3980883315078506,-0.9010060444474223,-0.8913913836329923
ANGRY,-1.0117847621440887,-1.00445057451725,-1.0044508617424275,-1.1453671705155146,-1.1457731089523844,0.37696117162704446,0.391104160249233,0.39108916093126256,-0.9010060444474223,-0.8913913836329923
ANGRY,-1.0206520855426788,-1.012414175271988,-1.0124132942234747,-1.1453671705155146,-1.1457731089523844,0.4104493409395216,0.38383353054523445,0.38384509247130943,-0.9010060444474223,-0.8913913836329923
ANGRY,-1.0241053104400635,-1.0148216784000397,-1.0148192648943113,-1.1453671705155146,-1.1457731089523844,0.3822951316833494,0.3878061383962629,0.3878104497025061,-0.9010060444474223,-0.8913913836329923
ANGRY,-1.0525984168052673,-1.0240013957023621,-1.0239949776149713,-1.1453671705155146,-1.1457731089523844,0.41901168227195723,0.39833533465862253,0.39833655218324554,-0.9010060444474223,-0.8913913836329923
ANGRY,-1.0719769299030304,-1.0362235009670258,-1.0362125103660489,-1.1453671705155146,-1.1457731089523844,0.38239547610282887,0.3942225605249403,0.39422401779456373,-0.9010060444474223,-0.8913913836329923
ANGRY,-1.0679583251476288,-1.0474582135677337,-1.0474501029949563,-1.1453671705155146,-1.1457731089523844,0.37607157230377186,0.39404464066028577,0.39404303472378693,-0.9010060444474223,-0.8913913836329923
ANGRY,-1.086775302886963,-1.0606828570365905,-1.060676493525598,-1.1453671705155146,-1.1457731089523844,0.3669351637363432,0.3853418052196501,0.38533992052798105,-0.9010060444474223,-0.8913913836329923
ANGRY,-1.0839163661003113,-1.0726450681686401,-1.0726419278640886,-1.1453671705155146,-1.1457731089523844,0.3771065771579741,0.384304094314575,0.38430160479739106,-0.9010060444474223,-0.8913913836329923
ANGRY,-1.1393767595291138,-1.0900007367134095,-1.0899945871292411,-1.1453671705155146,-1.1457731089523844,0.36368517577648146,0.37323879301547985,0.3732382584437053,-0.9010060444474223,-0.8913913836329923
ANGRY,-1.1244434714317322,-1.1004940450191498,-1.1004858458267215,-1.1453671705155146,-1.1457731089523844,0.3690605461597441,0.37057180702686293,0.3705720406816657,-0.9010060444474223,-0.8913913836329923
ANGRY,-1.1004995703697205,-1.1070022940635682,-1.1069986228904478,-1.1453671705155146,-1.1457731089523844,0.40489086508750904,0.37633566558361037,0.3763354478520486,-0.9010060444474223,-0.8913913836329923
ANGRY,-1.098399966955185,-1.1093272268772125,-1.1093264091875183,-1.1453671705155146,-1.1457731089523844,0.4151559472084044,0.38597982227802263,0.3859801585544521,-0.9010060444474223,-0.8913913836329923
ANGRY,-1.0968132615089417,-1.1119066059589386,-1.111909978459631,-1.1453671705155146,-1.1457731089523844,0.40324181318283064,0.3912068694829939,0.3912077515515554,-0.9010060444474223,-0.8913913836329923
ANGRY,-1.0886902213096619,-1.1017692983150482,-1.10177137854957,-1.1453671705155146,-1.1457731089523844,0.41017358005046833,0.40050455033779125,0.40050568515345697,-0.9010060444474223,-0.8913913836329923
ANGRY,-1.0803956389427185,-1.0929597318172455,-1.0929614154570313,-1.1453671705155146,-1.1457731089523844,0.42974810302257527,0.41264206171035755,0.4126411289155334,-0.9010060444474223,-0.8913913836329923
ANGRY,-1.100131779909134,-1.092886173725128,-1.092886656041614,-1.1453671705155146,-1.1457731089523844,0.41620352864265425,0.4149045944213866,0.4149036855604519,-0.9010060444474223,-0.8913913836329923
ANGRY,-1.1259093880653381,-1.0983880579471588,-1.0983890153132296,-1.1453671705155146,-1.1457731089523844,0.12221604213118525,0.35631661340594273,0.3563001600008259,-0.9010060444474223,-0.8913913836329923
ANGRY,-1.1095232963562016,-1.1009300649166107,-1.10093169937742,-1.1453671705155146,-1.1457731089523844,-0.5056714117527012,0.17453396841883637,0.17442147784035092,-0.9010060444474223,-0.8913913836329923
ANGRY,-1.059500932693482,-1.0950922071933746,-1.0950925885510276,-1.1453671705155146,-1.1457731089523844,-0.7236461043357854,-0.05222996845841434,-0.05237176300138708,-0.9010060444474223,-0.8913913836329923
ANGRY,-1.0721404552459721,-1.0934411704540257,-1.0934416685113275,-1.1453671705155146,-1.1457731089523844,-0.9799804091453557,-0.33417567089200056,-0.33420472436742205,-0.9010060444474223,-0.8913913836329923
ANGRY,-1.0537536740303044,-1.0841655492782596,-1.0841679140761824,-1.1453671705155146,-1.1457731089523844,-1.1188494265079503,-0.6411862619221215,-0.6411527344703566,-0.9010060444474223,-0.8913913836329923
ANGRY,-1.1482596993446355,-1.088635611534119,-1.088637548042708,-1.1453671705155146,-1.1457731089523844,-1.3265974521636967,-0.9309489607810978,-0.9309397741262898,-0.9010060444474223,-0.8913913836329923
ANGRY,-1.1639246642589574,-1.0995158851146702,-1.0995199606360473,-1.1453671705155146,-1.1457731089523844,-1.3333501219749455,-1.0964847028255467,-1.0965432950096616,-0.9010060444474223,-0.8913913836329923
ANGRY,-1.1482052803039555,-1.1172567546367649,-1.1172606129182392,-1.1453671705155146,-1.1457731089523844,-1.4057350456714635,-1.2329024910926822,-1.2329764744492253,-0.9010060444474223,-0.8913913836329923
ANGRY,-1.1473186612129216,-1.1322923958301547,-1.1322942549393433,-1.1453671705155146,-1.1457731089523844,-1.3273838460445408,-1.3023831784725193,-1.3024095098042896,-0.9010060444474223,-0.8913913836329923
ANGRY,-1.2043842971324925,-1.1624185204505924,-1.1624172408321478,-1.1453671705155146,-1.1457731089523844,-1.2992685139179234,-1.338466995954514,-1.3384719219139887,-0.9010060444474223,-0.8913913836329923
ANGRY,-1.2620349228382115,-1.1851735651493076,-1.1851679040859602,-1.1453671705155146,-1.1457731089523844,-1.3496023118495946,-1.3430679678916935,-1.3430714261671601,-0.9010060444474223,-0.8913913836329923
ANGRY,-1.2728500068187718,-1.2069586336612705,-1.2069560385296318,-1.1453671705155146,-1.1457731089523844,-1.3389701843261723,-1.3441919803619389,-1.3441969871314732,-0.9010060444474223,-0.8913913836329923
ANGRY,-1.2060607075691228,-1.2185297191143039,-1.2185327991674186,-1.1453671705155146,-1.1457731089523844,-1.2638987302780156,-1.3158247172832493,-1.315849324194829,-0.9010060444474223,-0.8913913836329923
ANGRY,-1.1403965502977376,-1.217145296931267,-1.2172227864008454,-1.1453671705155146,-1.1457731089523844,-1.204426914453507,-1.2912333309650426,-1.2913588783813077,-0.9010060444474223,-0.8913913836329923
ANGRY,-1.1182371079921727,-1.199915859103203,-1.2000665648927673,-1.1453671705155146,-1.1457731089523844,-1.2614673078060155,-1.283673089742661,-1.283819392830791,-0.9010060444474223,-0.8913913836329923
ANGRY,-1.075878500938416,-1.1626845747232442,-1.1629076266497986,-1.1453671705155146,-1.1457731089523844,-1.2548104524612431,-1.2647147178649907,-1.2648229477303314,-0.9010060444474223,-0.8913913836329923
ANGRY,-1.0267416536808018,-1.11346290409565,-1.1136915592833985,-1.1453671705155146,-1.1457731089523844,-1.210915565490723,-1.2391037940979008,-1.2391711554849398,-0.9010060444474223,-0.8913913836329923
ANGRY,-0.9225006103515628,-1.056750884652138,-1.0570351676931518,-1.1453671705155146,-1.1457731089523844,-1.1470288038253789,-1.2157298088073734,-1.2159068500089527,-0.9010060444474223,-0.8913913836329923
ANGRY,-0.8382727056741718,-0.996326115727425,-0.9966643779528337,-1.1453671705155146,-1.1457731089523844,-1.0824921429157262,-1.1913428544998172,-1.1917105717246732,-0.9010060444474223,-0.8913913836329923
ANGRY,-0.8352853506803516,-0.9397357642650608,-0.9399573937514294,-1.1453671705155146,-1.1457731089523844,-1.0730847120285039,-1.1536663353443148,-1.1539294216164162,-0.9010060444474223,-0.8913913836329923
ANGRY,-0.8443644195795063,-0.8934329479932789,-0.8935243052926026,-1.1453671705155146,-1.1457731089523844,-1.0295612215995793,-1.108616489171982,-1.108749106461946,-0.9010060444474223,-0.8913913836329923
ANGRY,-0.8284378945827487,-0.8537721961736683,-0.8537852509165412,-1.1453671705155146,-1.1457731089523844,-0.9786353409290317,-1.062160444259644,-1.0622479900973605,-0.9010060444474223,-0.8913913836329923
ANGRY,-0.8279640972614292,-0.8348648935556415,-0.8348633364906153,-1.1453671705155146,-1.1457731089523844,-0.9812865257263187,-1.029011988639832,-1.0290686480170956,-0.9010060444474223,-0.8913913836329923
ANGRY,-0.9134338498115543,-0.849897122383118,-0.8499323727873611,-1.1453671705155146,-1.1457731089523844,-1.0593630671501164,-1.02438617348671,-1.024432615181105,-0.9010060444474223,-0.8913913836329923
ANGRY,-0.9575859308242801,-0.8743572384119037,-0.8744524007294927,-1.1453671705155146,-1.1457731089523844,-1.1057446897029881,-1.0309181690216067,-1.0310061425236245,-0.9010060444474223,-0.8913913836329923
ANGRY,-0.91349470615387,-0.8881832957267765,-0.8882813683035407,-1.1453671705155146,-1.1457731089523844,-1.0675564706325535,-1.0385172188282017,-1.0386254907190513,-0.9010060444474223,-0.8913913836329923
ANGRY,-0.912248253822327,-0.9049453675746921,-0.9049995698340216,-1.1453671705155146,-1.1457731089523844,-1.054468303918839,-1.053683811426163,-1.0537434092099938,-0.9010060444474223,-0.8913913836329923
ANGRY,-0.9468305408954624,-0.9287186563014987,-0.9287219564832204,-1.1453671705155146,-1.1457731089523844,-1.0694725215435033,-1.0713210105896,-1.0713188687573487,-0.9010060444474223,-0.8913913836329923
ANGRY,-0.9571095705032352,-0.937453800439835,-0.9374413584072983,-1.1453671705155146,-1.1457731089523844,-1.060711413621903,-1.0715906798839572,-1.0716385453250978,-0.9010060444474223,-0.8913913836329923
ANGRY,-0.9677065014839176,-0.9394779145717624,-0.9394540580284526,-1.1453671705155146,-1.1457731089523844,-1.0809054374694829,-1.0666228294372562,-1.0665571246064747,-0.9010060444474223,-0.8913913836329923
ANGRY,-0.9619670212268833,-0.9491723775863651,-0.9491379454582245,-1.1453671705155146,-1.1457731089523844,-1.0853549540042882,-1.0701825261116031,-1.070036611380852,-0.9010060444474223,-0.8913913836329923
ANGRY,-0.9617129564285282,-0.9590653181076053,-0.959050860109245,-1.1453671705155146,-1.1457731089523844,-1.0973115861415867,-1.0787511825561527,-1.0786162764673333,-0.9010060444474223,-0.8913913836329923
ANGRY,-0.9576658904552463,-0.9612323880195621,-0.9612354684145963,-1.1453671705155146,-1.1457731089523844,-1.072646260261536,-1.0793859302997593,-1.0793421744332077,-0.9010060444474223,-0.8913913836329923
ANGRY,-0.9882620275020603,-0.9674628794193272,-0.9674478826116787,-1.1453671705155146,-1.1457731089523844,-1.1215062439441685,-1.0915448963642125,-1.091447542085239,-0.9010060444474223,-0.8913913836329923
ANGRY,-0.984109848737717,-0.9707435488700871,-0.9707083354486176,-1.1453671705155146,-1.1457731089523844,-1.096658825874329,-1.0946955740451816,-1.0946295968244195,-0.9010060444474223,-0.8913913836329923
ANGRY,-1.0313638448715214,-0.9846229135990147,-0.9845192067712991,-1.1453671705155146,-1.1457731089523844,-1.1482114493846898,-1.107266873121262,-1.1070585868488374,-0.9010060444474223,-0.8913913836329923
ANGRY,-1.025625050067902,-0.9974053323268894,-0.997289412148915,-1.1453671705155146,-1.1457731089523844,-1.134914875030518,-1.1147875308990483,-1.1145413124971784,-0.9010060444474223,-0.8913913836329923
ANGRY,-1.0295315086841588,-1.011778455972672,-1.0117083779858267,-1.1453671705155146,-1.1457731089523844,-1.1529885530471806,-1.1308559894561772,-1.1307253999468547,-0.9010060444474223,-0.8913913836329923
ANGRY,-1.033588290214539,-1.0208437085151676,-1.0208048927847626,-1.1453671705155146,-1.1457731089523844,-1.1458200812339787,-1.1357187569141391,-1.1356042168469604,-0.9010060444474223,-0.8913913836329923
ANGRY,-1.062541544437409,-1.036530047655106,-1.0365037951821632,-1.1453671705155146,-1.1457731089523844,-1.1506744623184209,-1.1465218842029574,-1.1465222918449205,-0.9010060444474223,-0.8913913836329923
ANGRY,-1.0944986939430241,-1.0491570174694065,-1.049013609977052,-1.1453671705155146,-1.1457731089523844,-1.1560212671756749,-1.1480838477611546,-1.1480671709764905,-0.9010060444474223,-0.8913913836329923
ANGRY,-1.1577315032482152,-1.075578308105469,-1.075102917799906,-1.1453671705155146,-1.1457731089523844,-1.2082724571228032,-1.1627553641796116,-1.1626036204462635,-0.9010060444474223,-0.8913913836329923
ANGRY,-1.2091830968856816,-1.1115086257457736,-1.1109095991042586,-1.1453671705155146,-1.1457731089523844,-1.3225494325160985,-1.196667540073395,-1.1964229806657782,-0.9010060444474223,-0.8913913836329923
ANGRY,-1.2505366206169133,-1.1548982918262485,-1.1544531683902715,-1.1453671705155146,-1.1457731089523844,-1.3312951326370244,-1.2337625503540042,-1.2337930864123565,-0.9010060444474223,-0.8913913836329923
ANGRY,-1.2008425593376164,-1.18255849480629,-1.18242770065211,-1.1453671705155146,-1.1457731089523844,-1.2651570141315465,-1.2566590607166295,-1.2568087562922703,-0.9010060444474223,-0.8913913836329923
